"path","domain","classification","note"
"src/pages/Admin.jsx","remocao","remover","fora do escopo minimo, duplicado, vazio, legado de exportacao ou consolidado em outra rota"
"src/pages/AdminAuth.jsx","auth admin","migrar completo","entrada principal de autenticacao admin"
"src/pages/AdminCriarConta.jsx","remocao","remover","fora do escopo minimo, duplicado, vazio, legado de exportacao ou consolidado em outra rota"
"src/pages/AdminDashboard.jsx","admin","migrar simplificado","painel admin atual esta inchado e sera reduzido"
"src/pages/AdminLogin.jsx","remocao","remover","fora do escopo minimo, duplicado, vazio, legado de exportacao ou consolidado em outra rota"
"src/pages/AdminSecurityCenter.jsx","admin","stub local","seguranca operacional pode virar painel local reduzido se ainda for util"
"src/pages/BridgeAlzTest.jsx","remocao","remover","fora do escopo minimo, duplicado, vazio, legado de exportacao ou consolidado em outra rota"
"src/pages/Builds.jsx","remocao","remover","fora do escopo minimo, duplicado, vazio, legado de exportacao ou consolidado em outra rota"
"src/pages/ClasseDetalhe.jsx","remocao","remover","fora do escopo minimo, duplicado, vazio, legado de exportacao ou consolidado em outra rota"
"src/pages/Classes.jsx","remocao","remover","fora do escopo minimo, duplicado, vazio, legado de exportacao ou consolidado em outra rota"
"src/pages/DungeonDetalhe.jsx","remocao","remover","fora do escopo minimo, duplicado, vazio, legado de exportacao ou consolidado em outra rota"
"src/pages/Dungeons.jsx","remocao","remover","fora do escopo minimo, duplicado, vazio, legado de exportacao ou consolidado em outra rota"
"src/pages/Enquetes.jsx","remocao","remover","fora do escopo minimo, duplicado, vazio, legado de exportacao ou consolidado em outra rota"
"src/pages/EnquetesExport.jsx","remocao","remover","fora do escopo minimo, duplicado, vazio, legado de exportacao ou consolidado em outra rota"
"src/pages/Entrar.jsx","auth usuario","migrar completo","fluxo principal de autenticacao do usuario"
"src/pages/GuiaTG.jsx","remocao","remover","fora do escopo minimo, duplicado, vazio, legado de exportacao ou consolidado em outra rota"
"src/pages/GuildaDetalhe.jsx","guildas/personagem","migrar completo","dominio obrigatorio no escopo final"
"src/pages/Guildas.jsx","guildas/personagem","migrar completo","dominio obrigatorio no escopo final"
"src/pages/GuildasExport.jsx","remocao","remover","fora do escopo minimo, duplicado, vazio, legado de exportacao ou consolidado em outra rota"
"src/pages/Home.jsx","publico","migrar completo","home publica principal"
"src/pages/HomeExport.jsx","remocao","remover","fora do escopo minimo, duplicado, vazio, legado de exportacao ou consolidado em outra rota"
"src/pages/HomeNevareth.jsx","remocao","remover","fora do escopo minimo, duplicado, vazio, legado de exportacao ou consolidado em outra rota"
"src/pages/Loja.jsx","loja","migrar completo","dominio obrigatorio no escopo final"
"src/pages/LojaExport.jsx","remocao","remover","fora do escopo minimo, duplicado, vazio, legado de exportacao ou consolidado em outra rota"
"src/pages/Lore.jsx","remocao","remover","fora do escopo minimo, duplicado, vazio, legado de exportacao ou consolidado em outra rota"
"src/pages/Mercado.jsx","marketplace/ALZ","migrar completo","fluxo central do marketplace/ALZ"
"src/pages/MercadoAdmin.jsx","remocao","remover","fora do escopo minimo, duplicado, vazio, legado de exportacao ou consolidado em outra rota"
"src/pages/MercadoAdminDisputas.jsx","remocao","remover","fora do escopo minimo, duplicado, vazio, legado de exportacao ou consolidado em outra rota"
"src/pages/MercadoAlz.jsx","marketplace/ALZ","migrar completo","fluxo central do marketplace/ALZ"
"src/pages/MercadoAlzComprar.jsx","marketplace/ALZ","migrar completo","fluxo central do marketplace/ALZ"
"src/pages/MercadoAlzVender.jsx","marketplace/ALZ","migrar completo","fluxo central do marketplace/ALZ"
"src/pages/MercadoAnunciar.jsx","marketplace/ALZ","migrar simplificado","suporte ao marketplace; deve ser mantido de forma mais enxuta"
"src/pages/MercadoMinhasCompras.jsx","marketplace/ALZ","migrar completo","fluxo central do marketplace/ALZ"
"src/pages/MercadoMinhasOfertas.jsx","marketplace/ALZ","migrar completo","fluxo central do marketplace/ALZ"
"src/pages/MercadoPedido.jsx","marketplace/ALZ","migrar completo","fluxo central do marketplace/ALZ"
"src/pages/MercadoServicos.jsx","remocao","remover","fora do escopo minimo, duplicado, vazio, legado de exportacao ou consolidado em outra rota"
"src/pages/MercadoServicosContrato.jsx","remocao","remover","fora do escopo minimo, duplicado, vazio, legado de exportacao ou consolidado em outra rota"
"src/pages/MercadoServicosContratos.jsx","remocao","remover","fora do escopo minimo, duplicado, vazio, legado de exportacao ou consolidado em outra rota"
"src/pages/MercadoServicosMinhasOfertas.jsx","remocao","remover","fora do escopo minimo, duplicado, vazio, legado de exportacao ou consolidado em outra rota"
"src/pages/MercadoServicosOferta.jsx","remocao","remover","fora do escopo minimo, duplicado, vazio, legado de exportacao ou consolidado em outra rota"
"src/pages/MercadoTermos.jsx","marketplace/ALZ","migrar simplificado","suporte ao marketplace; deve ser mantido de forma mais enxuta"
"src/pages/MinhaConta.jsx","conta","migrar completo","area do usuario diretamente ligada ao escopo final"
"src/pages/MinhaContaAcessos.jsx","remocao","remover","fora do escopo minimo, duplicado, vazio, legado de exportacao ou consolidado em outra rota"
"src/pages/MinhaContaAlterarSenha.jsx","conta","migrar simplificado","mantem conceito no app final, mas deve ser reduzido ao desenho local"
"src/pages/MinhaContaCaixasExtensor.jsx","remocao","remover","fora do escopo minimo, duplicado, vazio, legado de exportacao ou consolidado em outra rota"
"src/pages/MinhaContaCaixasInsignias.jsx","conta","stub local","nicho de inventario/caixas; manter apenas se agregar ao recorte final da loja"
"src/pages/MinhaContaCarteira.jsx","conta","migrar completo","area do usuario diretamente ligada ao escopo final"
"src/pages/MinhaContaDoacao.jsx","conta","migrar simplificado","mantem conceito no app final, mas deve ser reduzido ao desenho local"
"src/pages/MinhaContaExtensores.jsx","remocao","remover","fora do escopo minimo, duplicado, vazio, legado de exportacao ou consolidado em outra rota"
"src/pages/MinhaContaInsignias.jsx","conta","stub local","nicho de inventario/caixas; manter apenas se agregar ao recorte final da loja"
"src/pages/MinhaContaLoja.jsx","conta","migrar simplificado","mantem conceito no app final, mas deve ser reduzido ao desenho local"
"src/pages/MinhaContaPedidosAlz.jsx","conta","migrar completo","area do usuario diretamente ligada ao escopo final"
"src/pages/MinhaContaPremium.jsx","conta","migrar simplificado","mantem conceito no app final, mas deve ser reduzido ao desenho local"
"src/pages/MinhaContaTransferencias.jsx","conta","migrar simplificado","mantem conceito no app final, mas deve ser reduzido ao desenho local"
"src/pages/NotFound.jsx","remocao","remover","fora do escopo minimo, duplicado, vazio, legado de exportacao ou consolidado em outra rota"
"src/pages/Painel.jsx","remocao","remover","fora do escopo minimo, duplicado, vazio, legado de exportacao ou consolidado em outra rota"
"src/pages/PainelServicosAdmin.jsx","remocao","remover","fora do escopo minimo, duplicado, vazio, legado de exportacao ou consolidado em outra rota"
"src/pages/PedidoAlzDetalhe.jsx","marketplace/ALZ","migrar completo","fluxo central do marketplace/ALZ"
"src/pages/PersonagemDetalhe.jsx","guildas/personagem","migrar completo","dominio obrigatorio no escopo final"
"src/pages/PoliticaDePrivacidade.jsx","publico","migrar simplificado","paginas estaticas legais apenas se continuarem ligadas ao fluxo final"
"src/pages/Ranking.jsx","rankings","migrar simplificado","rankings serao consolidados em menos rotas no app novo"
"src/pages/RankingCorredores.jsx","rankings","migrar simplificado","rankings serao consolidados em menos rotas no app novo"
"src/pages/RankingMatadorSemanal.jsx","rankings","migrar simplificado","rankings serao consolidados em menos rotas no app novo"
"src/pages/RecuperarSenha.jsx","auth usuario","migrar completo","fluxo principal de autenticacao do usuario"
"src/pages/Registrar.jsx","auth usuario","migrar completo","fluxo principal de autenticacao do usuario"
"src/pages/Suporte.jsx","remocao","remover","fora do escopo minimo, duplicado, vazio, legado de exportacao ou consolidado em outra rota"
"src/pages/TermosDeUso.jsx","publico","migrar simplificado","paginas estaticas legais apenas se continuarem ligadas ao fluxo final"
"src/pages/TermosMarketplaceAlz.jsx","marketplace/ALZ","migrar simplificado","suporte ao marketplace; deve ser mantido de forma mais enxuta"
"src/pages/TGAoVivo.jsx","remocao","remover","fora do escopo minimo, duplicado, vazio, legado de exportacao ou consolidado em outra rota"
"src/pages/VenderAlz.jsx","remocao","remover","fora do escopo minimo, duplicado, vazio, legado de exportacao ou consolidado em outra rota"
"src/components/admin/ADMIN_AUTH_FIX_REPORT.md.jsx","admin","remover","relatorio historico/artefato documental sem funcao de produto final"
"src/components/admin/AdminAnalytics.jsx","admin","remover","painel inchado, operacional ou acoplado ao legado; nao entra no admin minimo enxuto"
"src/components/admin/AdminAnalyticsSafe.jsx","admin","remover","painel inchado, operacional ou acoplado ao legado; nao entra no admin minimo enxuto"
"src/components/admin/AdminAuthProvider.jsx","admin","remover","painel inchado, operacional ou acoplado ao legado; nao entra no admin minimo enxuto"
"src/components/admin/AdminCash.jsx","admin","migrar simplificado","conceito relevante, mas deve ser reconstruido com contratos locais"
"src/components/admin/adminClient.jsx","admin","remover","painel inchado, operacional ou acoplado ao legado; nao entra no admin minimo enxuto"
"src/components/admin/adminDataGateway.jsx","admin","remover","painel inchado, operacional ou acoplado ao legado; nao entra no admin minimo enxuto"
"src/components/admin/AdminDiagnostics.jsx","admin","remover","painel inchado, operacional ou acoplado ao legado; nao entra no admin minimo enxuto"
"src/components/admin/AdminDisputes.jsx","admin","migrar simplificado","conceito relevante, mas deve ser reconstruido com contratos locais"
"src/components/admin/AdminEnquetes.jsx","admin","remover","painel inchado, operacional ou acoplado ao legado; nao entra no admin minimo enxuto"
"src/components/admin/AdminFunil.jsx","admin","remover","painel inchado, operacional ou acoplado ao legado; nao entra no admin minimo enxuto"
"src/components/admin/AdminLayout.jsx","admin","migrar simplificado","conceito relevante, mas deve ser reconstruido com contratos locais"
"src/components/admin/AdminLogs.jsx","admin","migrar simplificado","conceito relevante, mas deve ser reconstruido com contratos locais"
"src/components/admin/AdminLojaCash.jsx","admin","migrar simplificado","conceito relevante, mas deve ser reconstruido com contratos locais"
"src/components/admin/AdminMarket.jsx","admin","migrar simplificado","conceito relevante, mas deve ser reconstruido com contratos locais"
"src/components/admin/AdminMarketplace.jsx","admin","migrar simplificado","conceito relevante, mas deve ser reconstruido com contratos locais"
"src/components/admin/AdminMarketplaceEfiVerifier.jsx","admin","remover","painel inchado, operacional ou acoplado ao legado; nao entra no admin minimo enxuto"
"src/components/admin/AdminMarketReconcile.jsx","admin","remover","painel inchado, operacional ou acoplado ao legado; nao entra no admin minimo enxuto"
"src/components/admin/AdminMegaSeed.jsx","admin","remover","painel inchado, operacional ou acoplado ao legado; nao entra no admin minimo enxuto"
"src/components/admin/AdminOverview.jsx","admin","migrar simplificado","conceito relevante, mas deve ser reconstruido com contratos locais"
"src/components/admin/AdminServices.jsx","admin","remover","painel inchado, operacional ou acoplado ao legado; nao entra no admin minimo enxuto"
"src/components/admin/AdminStoreSales.jsx","admin","migrar simplificado","conceito relevante, mas deve ser reconstruido com contratos locais"
"src/components/admin/AdminStreamerPackages.jsx","admin","remover","painel inchado, operacional ou acoplado ao legado; nao entra no admin minimo enxuto"
"src/components/admin/AdminSystemSweep.jsx","admin","remover","painel inchado, operacional ou acoplado ao legado; nao entra no admin minimo enxuto"
"src/components/admin/AdminWeeklyRankings.jsx","admin","remover","painel inchado, operacional ou acoplado ao legado; nao entra no admin minimo enxuto"
"src/components/admin/DATA_MODEL_FLOW.md.jsx","admin","remover","relatorio historico/artefato documental sem funcao de produto final"
"src/components/admin/dataBuilders/buildAccountsFromEntities.jsx","admin","remover","fallback de entities/base44; nao cabe no backend local novo"
"src/components/admin/dataBuilders/buildEnquetesFromEntities.jsx","admin","remover","fallback de entities/base44; nao cabe no backend local novo"
"src/components/admin/dataBuilders/buildFunnelFromEntities.jsx","admin","remover","fallback de entities/base44; nao cabe no backend local novo"
"src/components/admin/dataBuilders/buildStoreSalesFromEntities.jsx","admin","remover","fallback de entities/base44; nao cabe no backend local novo"
"src/components/admin/dataBuilders/buildStreamerPackagesFromEntities.jsx","admin","remover","fallback de entities/base44; nao cabe no backend local novo"
"src/components/admin/DeleteEnqueteModal.jsx","admin","remover","painel inchado, operacional ou acoplado ao legado; nao entra no admin minimo enxuto"
"src/components/admin/DEPLOY_CANONICALIZATION_FIX_REPORT_V4.md.jsx","admin","remover","relatorio historico/artefato documental sem funcao de produto final"
"src/components/admin/DEPLOY_FIX_REPORT.md.jsx","admin","remover","relatorio historico/artefato documental sem funcao de produto final"
"src/components/admin/DEPLOY_FIX_REPORT_V2.md.jsx","admin","remover","relatorio historico/artefato documental sem funcao de produto final"
"src/components/admin/DEPLOY_FIX_REPORT_V3.md.jsx","admin","remover","relatorio historico/artefato documental sem funcao de produto final"
"src/components/admin/DeploymentVerifier.jsx","admin","remover","painel inchado, operacional ou acoplado ao legado; nao entra no admin minimo enxuto"
"src/components/admin/E2ETestSuite.jsx","admin","remover","painel inchado, operacional ou acoplado ao legado; nao entra no admin minimo enxuto"
"src/components/admin/EfiConfigPanel.jsx","admin","remover","painel inchado, operacional ou acoplado ao legado; nao entra no admin minimo enxuto"
"src/components/admin/EfiHealthPanel.jsx","admin","remover","painel inchado, operacional ou acoplado ao legado; nao entra no admin minimo enxuto"
"src/components/admin/EnqueteFormModal.jsx","admin","remover","painel inchado, operacional ou acoplado ao legado; nao entra no admin minimo enxuto"
"src/components/admin/ExecutiveSummary.jsx","admin","remover","painel inchado, operacional ou acoplado ao legado; nao entra no admin minimo enxuto"
"src/components/admin/FailClosedGuard.jsx","admin","remover","painel inchado, operacional ou acoplado ao legado; nao entra no admin minimo enxuto"
"src/components/admin/FINAL_BRANDING_CLEANUP_REPORT.md.jsx","admin","remover","relatorio historico/artefato documental sem funcao de produto final"
"src/components/admin/FinalExecutiveReport.jsx","admin","remover","painel inchado, operacional ou acoplado ao legado; nao entra no admin minimo enxuto"
"src/components/admin/FinalIntegrityReport.jsx","admin","remover","painel inchado, operacional ou acoplado ao legado; nao entra no admin minimo enxuto"
"src/components/admin/FinalProductionDecision.jsx","admin","remover","painel inchado, operacional ou acoplado ao legado; nao entra no admin minimo enxuto"
"src/components/admin/GLOBAL_REBRAND_REPORT.md.jsx","admin","remover","relatorio historico/artefato documental sem funcao de produto final"
"src/components/admin/GUIA_CONFIGURACAO_EFI.md.jsx","admin","remover","relatorio historico/artefato documental sem funcao de produto final"
"src/components/admin/IdempotencyAudit.jsx","admin","remover","painel inchado, operacional ou acoplado ao legado; nao entra no admin minimo enxuto"
"src/components/admin/LOGIN_FIX_REPORT.md.jsx","admin","remover","relatorio historico/artefato documental sem funcao de produto final"
"src/components/admin/LOGIN_ID_AUTH_CHANGE_REPORT.md.jsx","admin","remover","relatorio historico/artefato documental sem funcao de produto final"
"src/components/admin/MarketplaceQAChecklist.jsx","admin","remover","painel inchado, operacional ou acoplado ao legado; nao entra no admin minimo enxuto"
"src/components/admin/MASTER_PRODUCTION_REPORT.jsx","admin","remover","painel inchado, operacional ou acoplado ao legado; nao entra no admin minimo enxuto"
"src/components/admin/MEGA_SEED_IMPLEMENTATION_REPORT.md.jsx","admin","remover","relatorio historico/artefato documental sem funcao de produto final"
"src/components/admin/overviewData.jsx","admin","remover","painel inchado, operacional ou acoplado ao legado; nao entra no admin minimo enxuto"
"src/components/admin/P0_DEPLOYMENT_404_DIAGNOSIS.md.jsx","admin","remover","relatorio historico/artefato documental sem funcao de produto final"
"src/components/admin/P0_VERIFICATION_REPORT_V5.md.jsx","admin","remover","relatorio historico/artefato documental sem funcao de produto final"
"src/components/admin/PRODUCTION_READINESS_CHECKLIST.jsx","admin","remover","painel inchado, operacional ou acoplado ao legado; nao entra no admin minimo enxuto"
"src/components/admin/ProductionChecklistInteractive.jsx","admin","remover","painel inchado, operacional ou acoplado ao legado; nao entra no admin minimo enxuto"
"src/components/admin/ProductionGoNoGoDecision.jsx","admin","remover","painel inchado, operacional ou acoplado ao legado; nao entra no admin minimo enxuto"
"src/components/admin/ProductionReadinessReport.jsx","admin","remover","painel inchado, operacional ou acoplado ao legado; nao entra no admin minimo enxuto"
"src/components/admin/RBAC_CONFIGURATION_GUIDE.md.jsx","admin","remover","relatorio historico/artefato documental sem funcao de produto final"
"src/components/admin/RBACConfigGuide.jsx","admin","remover","painel inchado, operacional ou acoplado ao legado; nao entra no admin minimo enxuto"
"src/components/admin/RELATORIO_FINAL_COMPLETO.jsx","admin","remover","painel inchado, operacional ou acoplado ao legado; nao entra no admin minimo enxuto"
"src/components/admin/RELATORIO_FINAL_EFI_IMPLEMENTACAO.md.jsx","admin","remover","relatorio historico/artefato documental sem funcao de produto final"
"src/components/admin/RELATORIO_FIX_ADMIN_AUTH.md.jsx","admin","remover","relatorio historico/artefato documental sem funcao de produto final"
"src/components/admin/RELATORIO_PRODUCAO_FINAL_PT_BR.jsx","admin","remover","painel inchado, operacional ou acoplado ao legado; nao entra no admin minimo enxuto"
"src/components/admin/RequireAdminAuth.jsx","admin","remover","painel inchado, operacional ou acoplado ao legado; nao entra no admin minimo enxuto"
"src/components/admin/RUNTIME_IMPORT_FIX_FINAL_REPORT.md.jsx","admin","remover","relatorio historico/artefato documental sem funcao de produto final"
"src/components/admin/SecureFunctionUnavailable.jsx","admin","remover","painel inchado, operacional ou acoplado ao legado; nao entra no admin minimo enxuto"
"src/components/admin/SECURITY_DEPLOYMENT_IMPORT_FIX_REPORT.md.jsx","admin","remover","relatorio historico/artefato documental sem funcao de produto final"
"src/components/admin/SECURITY_DEPLOYMENT_SELF_CONTAINED_V1.md.jsx","admin","remover","relatorio historico/artefato documental sem funcao de produto final"
"src/components/admin/SECURITY_HARDENING_P0_REPORT.md.jsx","admin","remover","relatorio historico/artefato documental sem funcao de produto final"
"src/components/admin/SECURITY_HARDENING_SUMMARY.jsx","admin","remover","painel inchado, operacional ou acoplado ao legado; nao entra no admin minimo enxuto"
"src/components/admin/SECURITY_P0_STABILIZATION_REPORT.md.jsx","admin","remover","relatorio historico/artefato documental sem funcao de produto final"
"src/components/admin/SECURITY_P1_ENV_GOVERNANCE_REPORT.md.jsx","admin","remover","relatorio historico/artefato documental sem funcao de produto final"
"src/components/admin/SECURITY_P1_ENV_GOVERNANCE_REPORT_V2.md.jsx","admin","remover","relatorio historico/artefato documental sem funcao de produto final"
"src/components/admin/SECURITY_P1P2_HARDENING_REPORT.md.jsx","admin","remover","relatorio historico/artefato documental sem funcao de produto final"
"src/components/admin/SECURITY_P2_EXPOSURE_SCAN_REPORT.md.jsx","admin","remover","relatorio historico/artefato documental sem funcao de produto final"
"src/components/admin/SECURITY_P3A_EDGE_HARDENING_REPORT.md.jsx","admin","remover","relatorio historico/artefato documental sem funcao de produto final"
"src/components/admin/SECURITY_P3B_WEBHOOK_SYSTEM_HARDENING_REPORT.md.jsx","admin","remover","relatorio historico/artefato documental sem funcao de produto final"
"src/components/admin/SECURITY_P4_ADMIN_SECURITY_CENTER_REPORT.md.jsx","admin","remover","relatorio historico/artefato documental sem funcao de produto final"
"src/components/admin/SECURITY_P4_DEPLOY_FIX_REPORT.md.jsx","admin","remover","relatorio historico/artefato documental sem funcao de produto final"
"src/components/admin/SECURITY_P4_DEPLOY_PROOF_FIX_REPORT.md.jsx","admin","remover","relatorio historico/artefato documental sem funcao de produto final"
"src/components/admin/SECURITY_P4_SECURE_FIX_REPORT.md.jsx","admin","remover","relatorio historico/artefato documental sem funcao de produto final"
"src/components/admin/SECURITY_P4_SLUG_FIX_REPORT.md.jsx","admin","remover","relatorio historico/artefato documental sem funcao de produto final"
"src/components/admin/SECURITY_P5A_AUTOMATED_ALERTING_REPORT.md.jsx","admin","remover","relatorio historico/artefato documental sem funcao de produto final"
"src/components/admin/SECURITY_P5A_AUTOMATED_ALERTING_REPORT_V2.md.jsx","admin","remover","relatorio historico/artefato documental sem funcao de produto final"
"src/components/admin/SECURITY_P5A_AUTOMATED_ALERTING_REPORT_V3.md.jsx","admin","remover","relatorio historico/artefato documental sem funcao de produto final"
"src/components/admin/SECURITY_P5A_AUTOMATED_ALERTING_REPORT_V4.md.jsx","admin","remover","relatorio historico/artefato documental sem funcao de produto final"
"src/components/admin/SECURITY_P5B_DISCORD_ALERTING_REPORT.md.jsx","admin","remover","relatorio historico/artefato documental sem funcao de produto final"
"src/components/admin/SECURITY_P5B_DISCORD_ALERTING_REPORT_V2.md.jsx","admin","remover","relatorio historico/artefato documental sem funcao de produto final"
"src/components/admin/SECURITY_P5B_DISCORD_ALERTING_REPORT_V3.md.jsx","admin","remover","relatorio historico/artefato documental sem funcao de produto final"
"src/components/admin/SECURITY_P5C_GOLIVE_CHECKLIST_REPORT.md.jsx","admin","remover","relatorio historico/artefato documental sem funcao de produto final"
"src/components/admin/SECURITY_STATUS_PACK_20251224.md.jsx","admin","remover","relatorio historico/artefato documental sem funcao de produto final"
"src/components/admin/SECURITY_STATUS_PACK_FINAL_20251224.md.jsx","admin","remover","relatorio historico/artefato documental sem funcao de produto final"
"src/components/admin/SecurityHardeningReport.jsx","admin","remover","painel inchado, operacional ou acoplado ao legado; nao entra no admin minimo enxuto"
"src/components/admin/SeedAlzDemoButton.jsx","admin","remover","painel inchado, operacional ou acoplado ao legado; nao entra no admin minimo enxuto"
"src/components/admin/SeedDemoButton.jsx","admin","remover","painel inchado, operacional ou acoplado ao legado; nao entra no admin minimo enxuto"
"src/components/admin/SIGNUP_FIX_REPORT.md.jsx","admin","remover","relatorio historico/artefato documental sem funcao de produto final"
"src/components/admin/SIGNUP_REDIRECT_FIX_REPORT.md.jsx","admin","remover","relatorio historico/artefato documental sem funcao de produto final"
"src/components/admin/sweep/marketplaceEfiInventory.jsx","admin","remover","varredura operacional especifica do legado"
"src/components/admin/SystemMonitoring.jsx","admin","remover","painel inchado, operacional ou acoplado ao legado; nao entra no admin minimo enxuto"
"src/components/admin/TERMS_AND_PRIVACY_IMPLEMENTATION_REPORT.md.jsx","admin","remover","relatorio historico/artefato documental sem funcao de produto final"
"src/components/admin/WEEKLY_RANKINGS_IMPLEMENTATION_REPORT.md.jsx","admin","remover","relatorio historico/artefato documental sem funcao de produto final"
"src/components/analytics/analyticsClient.jsx","publico","remover","analytics legado nao faz parte do escopo minimo local"
"src/components/analytics/RouteTracker.jsx","publico","remover","analytics legado nao faz parte do escopo minimo local"
"src/components/auth/authClient.jsx","auth usuario","remover","auth sera reescrito do zero no novo stack"
"src/components/auth/AuthProvider.jsx","auth usuario","remover","auth sera reescrito do zero no novo stack"
"src/components/auth/debugAuthBlocker.jsx","auth usuario","remover","auth sera reescrito do zero no novo stack"
"src/components/auth/ProtectedRoute.jsx","auth usuario","remover","auth sera reescrito do zero no novo stack"
"src/components/auth/RequireAuth.jsx","auth usuario","remover","auth sera reescrito do zero no novo stack"
"src/components/enquetes/CreateEnqueteModal.jsx","remocao","remover","enquetes ficam fora do produto minimo"
"src/components/enquetes/EnqueteCard.jsx","remocao","remover","enquetes ficam fora do produto minimo"
"src/components/ErrorBoundary.jsx","shared","remover","tratamento de erro sera refeito em padrao Next"
"src/components/gamification/DailyMissions.jsx","remocao","remover","gamificacao fora do escopo minimo"
"src/components/home/CommunityMission.jsx","publico","migrar simplificado","blocos da home publica podem ser reaproveitados de forma reduzida"
"src/components/home/CommunitySection.jsx","publico","migrar simplificado","blocos da home publica podem ser reaproveitados de forma reduzida"
"src/components/home/CorredoresSemanal.jsx","publico","migrar simplificado","blocos da home publica podem ser reaproveitados de forma reduzida"
"src/components/home/FeaturesSection.jsx","publico","migrar simplificado","blocos da home publica podem ser reaproveitados de forma reduzida"
"src/components/home/FinalCTA.jsx","publico","migrar simplificado","blocos da home publica podem ser reaproveitados de forma reduzida"
"src/components/home/HallDaFama.jsx","publico","migrar simplificado","blocos da home publica podem ser reaproveitados de forma reduzida"
"src/components/home/HeroRightSection.jsx","publico","migrar simplificado","blocos da home publica podem ser reaproveitados de forma reduzida"
"src/components/home/HeroSection.jsx","publico","migrar simplificado","blocos da home publica podem ser reaproveitados de forma reduzida"
"src/components/home/HowItWorks.jsx","publico","migrar simplificado","blocos da home publica podem ser reaproveitados de forma reduzida"
"src/components/home/MatadorSemanal.jsx","publico","migrar simplificado","blocos da home publica podem ser reaproveitados de forma reduzida"
"src/components/home/PreLaunchPackageCard.jsx","publico","migrar simplificado","blocos da home publica podem ser reaproveitados de forma reduzida"
"src/components/home/PreRegistrationRewards.jsx","publico","migrar simplificado","blocos da home publica podem ser reaproveitados de forma reduzida"
"src/components/home/PrizeCounter.jsx","publico","migrar simplificado","blocos da home publica podem ser reaproveitados de forma reduzida"
"src/components/home/ServerStatus.jsx","publico","migrar simplificado","blocos da home publica podem ser reaproveitados de forma reduzida"
"src/components/home/VisualBadges.jsx","publico","migrar simplificado","blocos da home publica podem ser reaproveitados de forma reduzida"
"src/components/hooks/useAppData.jsx","shared","remover","hooks atuais dependem de react-query/base44 ou da estrutura legado"
"src/components/hooks/useCashBalance.jsx","shared","remover","hooks atuais dependem de react-query/base44 ou da estrutura legado"
"src/components/hooks/usePrefetch.jsx","shared","remover","hooks atuais dependem de react-query/base44 ou da estrutura legado"
"src/components/hooks/useRankings.jsx","shared","remover","hooks atuais dependem de react-query/base44 ou da estrutura legado"
"src/components/layout/Footer.jsx","shared","migrar simplificado","shell visual util para o app novo, mas deve ser refeito em Next"
"src/components/layout/Navbar.jsx","shared","migrar simplificado","shell visual util para o app novo, mas deve ser refeito em Next"
"src/components/loja/CaixaExtensorCard.jsx","loja","stub local","fluxos de abertura de caixas e variantes especiais podem virar stub local ou sair"
"src/components/loja/CaixaInsigniasCard.jsx","loja","migrar simplificado","mantem valor de produto, mas deve ser simplificado no desenho local"
"src/components/loja/ExtensorBoxOpeningModal.jsx","loja","stub local","fluxos de abertura de caixas e variantes especiais podem virar stub local ou sair"
"src/components/loja/LootBoxOpeningModal.jsx","loja","stub local","fluxos de abertura de caixas e variantes especiais podem virar stub local ou sair"
"src/components/loja/MultiExtensorBoxOpeningModal.jsx","loja","stub local","fluxos de abertura de caixas e variantes especiais podem virar stub local ou sair"
"src/components/loja/MultiLootBoxOpeningModal.jsx","loja","stub local","fluxos de abertura de caixas e variantes especiais podem virar stub local ou sair"
"src/components/loja/MultiMysteryBoxOpeningModal.jsx","loja","stub local","fluxos de abertura de caixas e variantes especiais podem virar stub local ou sair"
"src/components/loja/MysteryBoxOpeningModal.jsx","loja","stub local","fluxos de abertura de caixas e variantes especiais podem virar stub local ou sair"
"src/components/loja/PremiumComparisonTable.jsx","loja","migrar simplificado","mantem valor de produto, mas deve ser simplificado no desenho local"
"src/components/loja/PremiumPlanCard.jsx","loja","migrar simplificado","mantem valor de produto, mas deve ser simplificado no desenho local"
"src/components/loja/PremiumPlansData.jsx","loja","migrar simplificado","mantem valor de produto, mas deve ser simplificado no desenho local"
"src/components/loja/StreamerPackagesSection.jsx","loja","migrar simplificado","mantem valor de produto, mas deve ser simplificado no desenho local"
"src/components/marketplace/adminMarketplaceClient.jsx","marketplace/ALZ","remover","clientes legacy base44/fetch; backend novo sera server-owned"
"src/components/marketplace/ListingCard.jsx","marketplace/ALZ","migrar simplificado","componentes uteis do fluxo ALZ, mas acoplados ao legado atual"
"src/components/marketplace/MarketFeeSettings.jsx","marketplace/ALZ","migrar simplificado","componentes uteis do fluxo ALZ, mas acoplados ao legado atual"
"src/components/marketplace/marketplaceClient.jsx","marketplace/ALZ","remover","clientes legacy base44/fetch; backend novo sera server-owned"
"src/components/marketplace/OrderStatusTimeline.jsx","marketplace/ALZ","migrar simplificado","componentes uteis do fluxo ALZ, mas acoplados ao legado atual"
"src/components/marketplace/PixConfirmationScreen.jsx","marketplace/ALZ","migrar simplificado","componentes uteis do fluxo ALZ, mas acoplados ao legado atual"
"src/components/marketplace/SellerPayoutForm.jsx","marketplace/ALZ","migrar simplificado","componentes uteis do fluxo ALZ, mas acoplados ao legado atual"
"src/components/mercado/AlzAverageDisplay.jsx","marketplace/ALZ","migrar simplificado","componentes de listagem/status/pagamento podem ser consolidados no fluxo final"
"src/components/mercado/ListingCard.jsx","marketplace/ALZ","migrar simplificado","componentes de listagem/status/pagamento podem ser consolidados no fluxo final"
"src/components/mercado/ListingFilters.jsx","marketplace/ALZ","migrar simplificado","componentes de listagem/status/pagamento podem ser consolidados no fluxo final"
"src/components/mercado/OrderStatusBadge.jsx","marketplace/ALZ","migrar simplificado","componentes de listagem/status/pagamento podem ser consolidados no fluxo final"
"src/components/mercado/OrderTimeline.jsx","marketplace/ALZ","migrar simplificado","componentes de listagem/status/pagamento podem ser consolidados no fluxo final"
"src/components/mercado/PaymentInstructions.jsx","marketplace/ALZ","migrar simplificado","componentes de listagem/status/pagamento podem ser consolidados no fluxo final"
"src/components/mercado/RatingModal.jsx","marketplace/ALZ","migrar simplificado","componentes de listagem/status/pagamento podem ser consolidados no fluxo final"
"src/components/mercado/SellerBadge.jsx","marketplace/ALZ","migrar simplificado","componentes de listagem/status/pagamento podem ser consolidados no fluxo final"
"src/components/mercado/SellerSplitForm.jsx","marketplace/ALZ","migrar simplificado","componentes de listagem/status/pagamento podem ser consolidados no fluxo final"
"src/components/nevareth/ArcaneSymbols.jsx","publico","remover","variante visual alternativa fora do recorte minimo"
"src/components/nevareth/CursorLight.jsx","publico","remover","variante visual alternativa fora do recorte minimo"
"src/components/nevareth/EntryButtons.jsx","publico","remover","variante visual alternativa fora do recorte minimo"
"src/components/nevareth/FloatingSignal.jsx","publico","remover","variante visual alternativa fora do recorte minimo"
"src/components/nevareth/IdentityChoice.jsx","publico","remover","variante visual alternativa fora do recorte minimo"
"src/components/nevareth/MinimalNav.jsx","publico","remover","variante visual alternativa fora do recorte minimo"
"src/components/nevareth/ParticleField.jsx","publico","remover","variante visual alternativa fora do recorte minimo"
"src/components/notifications/NotificationBell.jsx","notificacoes","migrar simplificado","conceito util para o app final"
"src/components/personagem/TabAsaArcana.jsx","guildas/personagem","migrar simplificado","tabs do perfil podem ser reaproveitadas com contratos locais"
"src/components/personagem/TabAtividades.jsx","guildas/personagem","migrar simplificado","tabs do perfil podem ser reaproveitadas com contratos locais"
"src/components/personagem/TabColecao.jsx","guildas/personagem","migrar simplificado","tabs do perfil podem ser reaproveitadas com contratos locais"
"src/components/personagem/TabConquistas.jsx","guildas/personagem","migrar simplificado","tabs do perfil podem ser reaproveitadas com contratos locais"
"src/components/personagem/TabCriacao.jsx","guildas/personagem","migrar simplificado","tabs do perfil podem ser reaproveitadas com contratos locais"
"src/components/personagem/TabGeral.jsx","guildas/personagem","migrar simplificado","tabs do perfil podem ser reaproveitadas com contratos locais"
"src/components/personagem/TabInformacoes.jsx","guildas/personagem","migrar simplificado","tabs do perfil podem ser reaproveitadas com contratos locais"
"src/components/personagem/TabLinkEstelar.jsx","guildas/personagem","migrar simplificado","tabs do perfil podem ser reaproveitadas com contratos locais"
"src/components/personagem/TabMedalhaHonra.jsx","guildas/personagem","migrar simplificado","tabs do perfil podem ser reaproveitadas com contratos locais"
"src/components/personagem/TabMercenarios.jsx","guildas/personagem","migrar simplificado","tabs do perfil podem ser reaproveitadas com contratos locais"
"src/components/personagem/TabMerito.jsx","guildas/personagem","migrar simplificado","tabs do perfil podem ser reaproveitadas com contratos locais"
"src/components/personagem/TabMitico.jsx","guildas/personagem","migrar simplificado","tabs do perfil podem ser reaproveitadas com contratos locais"
"src/components/personagem/TabRunas.jsx","guildas/personagem","migrar simplificado","tabs do perfil podem ser reaproveitadas com contratos locais"
"src/components/rankings/RankingPageTemplate.jsx","rankings","migrar simplificado","template util, mas rankings serao consolidados"
"src/components/servicos/ServiceContractTimeline.jsx","remocao","remover","mercado de servicos sai do escopo minimo final"
"src/components/ui/accordion.jsx","shared","remover","primitivos shadcn/radix devem ser regenerados no novo stack apenas quando usados"
"src/components/ui/alert.jsx","shared","remover","primitivos shadcn/radix devem ser regenerados no novo stack apenas quando usados"
"src/components/ui/alert-dialog.jsx","shared","remover","primitivos shadcn/radix devem ser regenerados no novo stack apenas quando usados"
"src/components/ui/aspect-ratio.jsx","shared","remover","primitivos shadcn/radix devem ser regenerados no novo stack apenas quando usados"
"src/components/ui/avatar.jsx","shared","remover","primitivos shadcn/radix devem ser regenerados no novo stack apenas quando usados"
"src/components/ui/badge.jsx","shared","remover","primitivos shadcn/radix devem ser regenerados no novo stack apenas quando usados"
"src/components/ui/BadgeIcon.jsx","shared","migrar simplificado","wrappers visuais com valor de produto, mas para reescrita enxuta"
"src/components/ui/breadcrumb.jsx","shared","remover","primitivos shadcn/radix devem ser regenerados no novo stack apenas quando usados"
"src/components/ui/button.jsx","shared","remover","primitivos shadcn/radix devem ser regenerados no novo stack apenas quando usados"
"src/components/ui/calendar.jsx","shared","remover","primitivos shadcn/radix devem ser regenerados no novo stack apenas quando usados"
"src/components/ui/card.jsx","shared","remover","primitivos shadcn/radix devem ser regenerados no novo stack apenas quando usados"
"src/components/ui/carousel.jsx","shared","remover","primitivos shadcn/radix devem ser regenerados no novo stack apenas quando usados"
"src/components/ui/chart.jsx","shared","remover","primitivos shadcn/radix devem ser regenerados no novo stack apenas quando usados"
"src/components/ui/checkbox.jsx","shared","remover","primitivos shadcn/radix devem ser regenerados no novo stack apenas quando usados"
"src/components/ui/collapsible.jsx","shared","remover","primitivos shadcn/radix devem ser regenerados no novo stack apenas quando usados"
"src/components/ui/command.jsx","shared","remover","primitivos shadcn/radix devem ser regenerados no novo stack apenas quando usados"
"src/components/ui/context-menu.jsx","shared","remover","primitivos shadcn/radix devem ser regenerados no novo stack apenas quando usados"
"src/components/ui/CrystalBorder.jsx","shared","migrar simplificado","wrappers visuais com valor de produto, mas para reescrita enxuta"
"src/components/ui/dialog.jsx","shared","remover","primitivos shadcn/radix devem ser regenerados no novo stack apenas quando usados"
"src/components/ui/drawer.jsx","shared","remover","primitivos shadcn/radix devem ser regenerados no novo stack apenas quando usados"
"src/components/ui/dropdown-menu.jsx","shared","remover","primitivos shadcn/radix devem ser regenerados no novo stack apenas quando usados"
"src/components/ui/ErrorBoundary.jsx","shared","remover","primitivos shadcn/radix devem ser regenerados no novo stack apenas quando usados"
"src/components/ui/form.jsx","shared","remover","primitivos shadcn/radix devem ser regenerados no novo stack apenas quando usados"
"src/components/ui/GlowCard.jsx","shared","migrar simplificado","wrappers visuais com valor de produto, mas para reescrita enxuta"
"src/components/ui/GradientButton.jsx","shared","migrar simplificado","wrappers visuais com valor de produto, mas para reescrita enxuta"
"src/components/ui/hover-card.jsx","shared","remover","primitivos shadcn/radix devem ser regenerados no novo stack apenas quando usados"
"src/components/ui/input.jsx","shared","remover","primitivos shadcn/radix devem ser regenerados no novo stack apenas quando usados"
"src/components/ui/input-otp.jsx","shared","remover","primitivos shadcn/radix devem ser regenerados no novo stack apenas quando usados"
"src/components/ui/label.jsx","shared","remover","primitivos shadcn/radix devem ser regenerados no novo stack apenas quando usados"
"src/components/ui/LoadingShell.jsx","shared","migrar simplificado","wrappers visuais com valor de produto, mas para reescrita enxuta"
"src/components/ui/LoadingSpinner.jsx","shared","migrar simplificado","wrappers visuais com valor de produto, mas para reescrita enxuta"
"src/components/ui/menubar.jsx","shared","remover","primitivos shadcn/radix devem ser regenerados no novo stack apenas quando usados"
"src/components/ui/MetalButton.jsx","shared","migrar simplificado","wrappers visuais com valor de produto, mas para reescrita enxuta"
"src/components/ui/navigation-menu.jsx","shared","remover","primitivos shadcn/radix devem ser regenerados no novo stack apenas quando usados"
"src/components/ui/Pagination.jsx","shared","migrar simplificado","wrappers visuais com valor de produto, mas para reescrita enxuta"
"src/components/ui/popover.jsx","shared","remover","primitivos shadcn/radix devem ser regenerados no novo stack apenas quando usados"
"src/components/ui/progress.jsx","shared","remover","primitivos shadcn/radix devem ser regenerados no novo stack apenas quando usados"
"src/components/ui/radio-group.jsx","shared","remover","primitivos shadcn/radix devem ser regenerados no novo stack apenas quando usados"
"src/components/ui/resizable.jsx","shared","remover","primitivos shadcn/radix devem ser regenerados no novo stack apenas quando usados"
"src/components/ui/RouteLoadingBar.jsx","shared","migrar simplificado","wrappers visuais com valor de produto, mas para reescrita enxuta"
"src/components/ui/scroll-area.jsx","shared","remover","primitivos shadcn/radix devem ser regenerados no novo stack apenas quando usados"
"src/components/ui/SectionTitle.jsx","shared","migrar simplificado","wrappers visuais com valor de produto, mas para reescrita enxuta"
"src/components/ui/select.jsx","shared","remover","primitivos shadcn/radix devem ser regenerados no novo stack apenas quando usados"
"src/components/ui/separator.jsx","shared","remover","primitivos shadcn/radix devem ser regenerados no novo stack apenas quando usados"
"src/components/ui/sheet.jsx","shared","remover","primitivos shadcn/radix devem ser regenerados no novo stack apenas quando usados"
"src/components/ui/sidebar.jsx","shared","remover","primitivos shadcn/radix devem ser regenerados no novo stack apenas quando usados"
"src/components/ui/skeleton.jsx","shared","remover","primitivos shadcn/radix devem ser regenerados no novo stack apenas quando usados"
"src/components/ui/SkeletonCard.jsx","shared","migrar simplificado","wrappers visuais com valor de produto, mas para reescrita enxuta"
"src/components/ui/slider.jsx","shared","remover","primitivos shadcn/radix devem ser regenerados no novo stack apenas quando usados"
"src/components/ui/sonner.jsx","shared","remover","primitivos shadcn/radix devem ser regenerados no novo stack apenas quando usados"
"src/components/ui/switch.jsx","shared","remover","primitivos shadcn/radix devem ser regenerados no novo stack apenas quando usados"
"src/components/ui/table.jsx","shared","remover","primitivos shadcn/radix devem ser regenerados no novo stack apenas quando usados"
"src/components/ui/tabs.jsx","shared","remover","primitivos shadcn/radix devem ser regenerados no novo stack apenas quando usados"
"src/components/ui/textarea.jsx","shared","remover","primitivos shadcn/radix devem ser regenerados no novo stack apenas quando usados"
"src/components/ui/toast.jsx","shared","remover","primitivos shadcn/radix devem ser regenerados no novo stack apenas quando usados"
"src/components/ui/toaster.jsx","shared","remover","primitivos shadcn/radix devem ser regenerados no novo stack apenas quando usados"
"src/components/ui/toggle.jsx","shared","remover","primitivos shadcn/radix devem ser regenerados no novo stack apenas quando usados"
"src/components/ui/toggle-group.jsx","shared","remover","primitivos shadcn/radix devem ser regenerados no novo stack apenas quando usados"
"src/components/ui/tooltip.jsx","shared","remover","primitivos shadcn/radix devem ser regenerados no novo stack apenas quando usados"
"src/components/ui/use-toast.jsx","shared","remover","primitivos shadcn/radix devem ser regenerados no novo stack apenas quando usados"
"src/components/UI_EXPORT_README.md.jsx","shared","remover","artefato documental de exportacao"
"src/components/ui_export_stubs/auth.jsx","shared","remover","stubs temporarios de exportacao nao entram no produto final"
"src/components/ui_export_stubs/data.jsx","shared","remover","stubs temporarios de exportacao nao entram no produto final"
"src/components/UserNotRegisteredError.jsx","auth usuario","remover","ligado ao fluxo base44 antigo"
"src/lib/app-params.js","shared","remover","acoplado ao roteamento, base44, visual editor ou estrutura legado"
"src/lib/AuthContext.jsx","shared","remover","acoplado ao roteamento, base44, visual editor ou estrutura legado"
"src/lib/NavigationTracker.jsx","shared","remover","acoplado ao roteamento, base44, visual editor ou estrutura legado"
"src/lib/PageNotFound.jsx","shared","remover","acoplado ao roteamento, base44, visual editor ou estrutura legado"
"src/lib/query-client.js","shared","remover","acoplado ao roteamento, base44, visual editor ou estrutura legado"
"src/lib/utils.js","shared","migrar simplificado","apenas o utilitario cn faz sentido no stack novo"
"src/lib/VisualEditAgent.jsx","shared","remover","acoplado ao roteamento, base44, visual editor ou estrutura legado"
"src/api/base44Client.js","shared","remover","camada base44 deve ser eliminada por completo"
"src/api/entities.js","shared","remover","camada base44 deve ser eliminada por completo"
"src/api/integrations.js","shared","remover","camada base44 deve ser eliminada por completo"
"functions/_deploy_trigger.ts","remocao","remover","arquivo vazio e sem utilidade no destino final"
"functions/_lib/efiClient.ts","shared","stub local","comportamento externo deve virar adapter local deterministico"
"functions/_lib/gameIntegration.ts","shared","stub local","comportamento externo deve virar adapter local deterministico"
"functions/_lib/mockRankingGenerator.ts","seed/demo","migrar simplificado","ideias uteis para seeds locais, mas reescritas no stack novo"
"functions/_lib/seedHelpers.ts","seed/demo","migrar simplificado","ideias uteis para seeds locais, mas reescritas no stack novo"
"functions/_shared/adminOverviewHandler.ts","shared","migrar simplificado","regras uteis, mas precisam ser reescritas no backend local"
"functions/_shared/authHelpers.ts","shared","remover","helpers atuais estao presos ao modelo legado ou a operacao antiga"
"functions/_shared/bridgeClient.ts","marketplace/ALZ","stub local","integracao externa vira adapter local deterministicamente simulado"
"functions/_shared/efiIngestProcessor.ts","marketplace/ALZ","stub local","integracao externa vira adapter local deterministicamente simulado"
"functions/_shared/marketHelpers.ts","shared","migrar simplificado","regras uteis, mas precisam ser reescritas no backend local"
"functions/_shared/notificationHelper.ts","shared","migrar simplificado","regras uteis, mas precisam ser reescritas no backend local"
"functions/_shared/pixProviderAdapter.ts","marketplace/ALZ","stub local","integracao externa vira adapter local deterministicamente simulado"
"functions/_shared/securityAlertCore.ts","shared","remover","helpers atuais estao presos ao modelo legado ou a operacao antiga"
"functions/_shared/sellerProfileLogic.ts","shared","migrar simplificado","regras uteis, mas precisam ser reescritas no backend local"
"functions/_shared/splitAdapter.ts","marketplace/ALZ","stub local","integracao externa vira adapter local deterministicamente simulado"
"functions/_shared/supabaseAdmin.ts","shared","remover","supabase sai integralmente do projeto"
"functions/admin_banServiceOffer.ts","admin","remover","operacao, seed, seguranca ou manutencao do legado nao entram no admin minimo"
"functions/admin_computeTestHash.ts","admin","remover","operacao, seed, seguranca ou manutencao do legado nao entram no admin minimo"
"functions/admin_configureEfiWebhook.ts","admin","remover","operacao, seed, seguranca ou manutencao do legado nao entram no admin minimo"
"functions/admin_createAccount.ts","admin","migrar simplificado","admin funcional relevante, mas a implementacao nova sera mais enxuta"
"functions/admin_createStreamerPackage.ts","admin","migrar simplificado","admin funcional relevante, mas a implementacao nova sera mais enxuta"
"functions/admin_diagnoseLogin.ts","admin","remover","operacao, seed, seguranca ou manutencao do legado nao entram no admin minimo"
"functions/admin_fixExistingAdmins.ts","admin","remover","operacao, seed, seguranca ou manutencao do legado nao entram no admin minimo"
"functions/admin_get_overview.ts","admin","migrar simplificado","admin funcional relevante, mas a implementacao nova sera mais enxuta"
"functions/admin_getAnalyticsSummary.ts","shared","remover","sem papel claro no produto final minimo ou duplicado pelo redesenho"
"functions/admin_getAnalyticsTimeseries.ts","shared","remover","sem papel claro no produto final minimo ou duplicado pelo redesenho"
"functions/admin_getAuditLogs.ts","admin","migrar simplificado","admin funcional relevante, mas a implementacao nova sera mais enxuta"
"functions/admin_getFunnelSummary.ts","shared","remover","sem papel claro no produto final minimo ou duplicado pelo redesenho"
"functions/admin_getFunnelTimeseries.ts","shared","remover","sem papel claro no produto final minimo ou duplicado pelo redesenho"
"functions/admin_getOverview.ts","admin","migrar simplificado","admin funcional relevante, mas a implementacao nova sera mais enxuta"
"functions/admin_getStoreSales.ts","admin","migrar simplificado","admin funcional relevante, mas a implementacao nova sera mais enxuta"
"functions/admin_listAccounts.ts","admin","migrar simplificado","admin funcional relevante, mas a implementacao nova sera mais enxuta"
"functions/admin_listDisputes.ts","admin","migrar simplificado","admin funcional relevante, mas a implementacao nova sera mais enxuta"
"functions/admin_listOrders.ts","admin","migrar simplificado","admin funcional relevante, mas a implementacao nova sera mais enxuta"
"functions/admin_listStreamerPackages.ts","admin","migrar simplificado","admin funcional relevante, mas a implementacao nova sera mais enxuta"
"functions/admin_login.ts","auth admin","remover","aliases vazios/duplicados do legado"
"functions/admin_logout.ts","auth admin","remover","aliases vazios/duplicados do legado"
"functions/admin_me.ts","auth admin","remover","aliases vazios/duplicados do legado"
"functions/admin_migrateAuthUserColumns.ts","admin","remover","operacao, seed, seguranca ou manutencao do legado nao entram no admin minimo"
"functions/admin_purgeSeedData.ts","admin","remover","operacao, seed, seguranca ou manutencao do legado nao entram no admin minimo"
"functions/admin_resetAndSeedMegaV1000.ts","admin","remover","operacao, seed, seguranca ou manutencao do legado nao entram no admin minimo"
"functions/admin_resetPassword.ts","admin","remover","operacao, seed, seguranca ou manutencao do legado nao entram no admin minimo"
"functions/admin_resolveDispute.ts","admin","migrar simplificado","admin funcional relevante, mas a implementacao nova sera mais enxuta"
"functions/admin_seedCommerceEvents.ts","admin","remover","operacao, seed, seguranca ou manutencao do legado nao entram no admin minimo"
"functions/admin_seedDemoDataCabalZiron.ts","admin","remover","operacao, seed, seguranca ou manutencao do legado nao entram no admin minimo"
"functions/admin_seedInitialAdmin.ts","admin","remover","operacao, seed, seguranca ou manutencao do legado nao entram no admin minimo"
"functions/admin_seedMarketplaceDemoData.ts","admin","remover","operacao, seed, seguranca ou manutencao do legado nao entram no admin minimo"
"functions/admin_seedMegaV1000.ts","admin","remover","operacao, seed, seguranca ou manutencao do legado nao entram no admin minimo"
"functions/admin_seedTestAccounts.ts","admin","remover","operacao, seed, seguranca ou manutencao do legado nao entram no admin minimo"
"functions/admin_setCashForAccount.ts","admin","migrar simplificado","admin funcional relevante, mas a implementacao nova sera mais enxuta"
"functions/admin_setMarketFee.ts","admin","migrar simplificado","admin funcional relevante, mas a implementacao nova sera mais enxuta"
"functions/admin_setMarketFeePercent.ts","admin","migrar simplificado","admin funcional relevante, mas a implementacao nova sera mais enxuta"
"functions/admin_setupTestAccount.ts","admin","remover","operacao, seed, seguranca ou manutencao do legado nao entram no admin minimo"
"functions/admin_testHash.ts","admin","remover","operacao, seed, seguranca ou manutencao do legado nao entram no admin minimo"
"functions/admin_toggleStreamerPackageActive.ts","admin","migrar simplificado","admin funcional relevante, mas a implementacao nova sera mais enxuta"
"functions/admin_validateMysteryBoxIntegrity.ts","admin","remover","operacao, seed, seguranca ou manutencao do legado nao entram no admin minimo"
"functions/adminBackfillAllGameAccountsV1.ts","admin","remover","operacao, seed, seguranca ou manutencao do legado nao entram no admin minimo"
"functions/adminCreateEnquete.ts","admin","remover","enquetes ficam fora do escopo final obrigatorio"
"functions/adminDeleteEnquete.ts","admin","remover","enquetes ficam fora do escopo final obrigatorio"
"functions/adminGetGameAccountV1.ts","admin","remover","operacao, seed, seguranca ou manutencao do legado nao entram no admin minimo"
"functions/adminGetOverview.ts","admin","migrar simplificado","admin funcional relevante, mas a implementacao nova sera mais enxuta"
"functions/adminListEnquetes.ts","admin","remover","enquetes ficam fora do escopo final obrigatorio"
"functions/adminLogin.ts","auth admin","migrar completo","fluxos centrais de auth admin devem existir localmente"
"functions/adminLogout.ts","auth admin","migrar completo","fluxos centrais de auth admin devem existir localmente"
"functions/adminMaintenance.ts","admin","remover","operacao, seed, seguranca ou manutencao do legado nao entram no admin minimo"
"functions/adminMe.ts","auth admin","migrar completo","fluxos centrais de auth admin devem existir localmente"
"functions/adminRegister.ts","auth admin","migrar completo","fluxos centrais de auth admin devem existir localmente"
"functions/adminResetAlzMarketplaceV1.ts","admin","remover","operacao, seed, seguranca ou manutencao do legado nao entram no admin minimo"
"functions/adminSecurityAlert.ts","admin","remover","operacao, seed, seguranca ou manutencao do legado nao entram no admin minimo"
"functions/adminSecurityCenterData.ts","admin","remover","operacao, seed, seguranca ou manutencao do legado nao entram no admin minimo"
"functions/adminSecurityCenterDataV2.ts","admin","remover","operacao, seed, seguranca ou manutencao do legado nao entram no admin minimo"
"functions/adminSecurityScan.ts","admin","remover","operacao, seed, seguranca ou manutencao do legado nao entram no admin minimo"
"functions/adminSetGameAccountAlzV1.ts","admin","remover","operacao, seed, seguranca ou manutencao do legado nao entram no admin minimo"
"functions/adminUpdateEnquete.ts","admin","remover","enquetes ficam fora do escopo final obrigatorio"
"functions/alz_createPixPaymentForQuote.ts","marketplace/ALZ","stub local","pagamento, webhook ou integracao externa deve virar simulacao local; diagnosticos nao migram literalmente"
"functions/alz_createSellOrder.ts","marketplace/ALZ","stub local","pagamento, webhook ou integracao externa deve virar simulacao local; diagnosticos nao migram literalmente"
"functions/alz_getMarketSummary.ts","marketplace/ALZ","stub local","pagamento, webhook ou integracao externa deve virar simulacao local; diagnosticos nao migram literalmente"
"functions/alz_getQuote.ts","marketplace/ALZ","stub local","pagamento, webhook ou integracao externa deve virar simulacao local; diagnosticos nao migram literalmente"
"functions/alz_handlePixWebhook.ts","marketplace/ALZ","stub local","pagamento, webhook ou integracao externa deve virar simulacao local; diagnosticos nao migram literalmente"
"functions/alz_seedDemoData.ts","marketplace/ALZ","stub local","pagamento, webhook ou integracao externa deve virar simulacao local; diagnosticos nao migram literalmente"
"functions/alz_simulatePix.ts","marketplace/ALZ","stub local","pagamento, webhook ou integracao externa deve virar simulacao local; diagnosticos nao migram literalmente"
"functions/alzCancelSellOrderV1.ts","marketplace/ALZ","migrar completo","nucleo do marketplace/ALZ que precisa existir localmente"
"functions/alzCreatePixPaymentForQuote.ts","marketplace/ALZ","migrar completo","nucleo do marketplace/ALZ que precisa existir localmente"
"functions/alzCreateSellOrder.ts","marketplace/ALZ","migrar completo","nucleo do marketplace/ALZ que precisa existir localmente"
"functions/alzCreateSellOrderV2.ts","marketplace/ALZ","migrar completo","nucleo do marketplace/ALZ que precisa existir localmente"
"functions/alzGetMarketStatsV1.ts","marketplace/ALZ","migrar completo","nucleo do marketplace/ALZ que precisa existir localmente"
"functions/alzGetMarketSummary.ts","marketplace/ALZ","migrar completo","nucleo do marketplace/ALZ que precisa existir localmente"
"functions/alzGetMySellOrdersV1.ts","marketplace/ALZ","migrar completo","nucleo do marketplace/ALZ que precisa existir localmente"
"functions/alzGetQuote.ts","marketplace/ALZ","migrar completo","nucleo do marketplace/ALZ que precisa existir localmente"
"functions/alzSimulatePix.ts","marketplace/ALZ","migrar completo","nucleo do marketplace/ALZ que precisa existir localmente"
"functions/analytics_ingestEvent.ts","remocao","remover","diagnostico, operacao, analytics, manutencao ou documento tecnico do legado"
"functions/auth_change_password.ts","auth usuario","migrar completo","fluxos centrais de auth do usuario devem existir localmente"
"functions/auth_checkLoginAttempts.ts","auth usuario","migrar simplificado","suporte de auth pode ser reduzido no sistema novo"
"functions/auth_confirmPasswordReset.ts","auth usuario","migrar completo","fluxos centrais de auth do usuario devem existir localmente"
"functions/auth_createOrGetUserAccount.ts","auth usuario","migrar completo","fluxos centrais de auth do usuario devem existir localmente"
"functions/auth_getMyLoginHistory.ts","auth usuario","migrar simplificado","suporte de auth pode ser reduzido no sistema novo"
"functions/auth_health.ts","auth usuario","migrar simplificado","suporte de auth pode ser reduzido no sistema novo"
"functions/auth_login.ts","auth usuario","migrar completo","fluxos centrais de auth do usuario devem existir localmente"
"functions/auth_logLogin.ts","auth usuario","migrar simplificado","suporte de auth pode ser reduzido no sistema novo"
"functions/auth_logout.ts","auth usuario","migrar completo","fluxos centrais de auth do usuario devem existir localmente"
"functions/auth_me.ts","auth usuario","migrar completo","fluxos centrais de auth do usuario devem existir localmente"
"functions/auth_register.ts","auth usuario","migrar completo","fluxos centrais de auth do usuario devem existir localmente"
"functions/auth_requestPasswordReset.ts","auth usuario","migrar completo","fluxos centrais de auth do usuario devem existir localmente"
"functions/authAdminUnlockLogin.ts","auth usuario","remover","acoplado a bridge, diagnostico ou legado nao necessario no MVP local"
"functions/authBridgeDiagnostics.ts","auth usuario","remover","acoplado a bridge, diagnostico ou legado nao necessario no MVP local"
"functions/authBridgeLoginSmokeTest.ts","auth usuario","remover","acoplado a bridge, diagnostico ou legado nao necessario no MVP local"
"functions/authHelpers.ts","auth usuario","remover","acoplado a bridge, diagnostico ou legado nao necessario no MVP local"
"functions/badge_equipBadge.ts","loja","stub local","sistemas de caixas e colecionaveis devem virar opcao local simplificada ou ser cortados depois"
"functions/badge_getUserBadges.ts","loja","stub local","sistemas de caixas e colecionaveis devem virar opcao local simplificada ou ser cortados depois"
"functions/badge_getUserLootBoxes.ts","loja","stub local","sistemas de caixas e colecionaveis devem virar opcao local simplificada ou ser cortados depois"
"functions/badge_openLootBox.ts","loja","stub local","sistemas de caixas e colecionaveis devem virar opcao local simplificada ou ser cortados depois"
"functions/badge_openMultipleLootBoxes.ts","loja","stub local","sistemas de caixas e colecionaveis devem virar opcao local simplificada ou ser cortados depois"
"functions/badge_purchaseLootBox.ts","loja","stub local","sistemas de caixas e colecionaveis devem virar opcao local simplificada ou ser cortados depois"
"functions/badge_seedTemplatesAndLootBox.ts","loja","stub local","sistemas de caixas e colecionaveis devem virar opcao local simplificada ou ser cortados depois"
"functions/bridgeAlzLock.ts","marketplace/ALZ","stub local","pagamento, webhook ou integracao externa deve virar simulacao local; diagnosticos nao migram literalmente"
"functions/bridgeAlzRelease.ts","marketplace/ALZ","stub local","pagamento, webhook ou integracao externa deve virar simulacao local; diagnosticos nao migram literalmente"
"functions/bridgeAlzSettle.ts","marketplace/ALZ","stub local","pagamento, webhook ou integracao externa deve virar simulacao local; diagnosticos nao migram literalmente"
"functions/bridgeDiagnostics.ts","marketplace/ALZ","stub local","pagamento, webhook ou integracao externa deve virar simulacao local; diagnosticos nao migram literalmente"
"functions/bridgeHealth.ts","marketplace/ALZ","stub local","pagamento, webhook ou integracao externa deve virar simulacao local; diagnosticos nao migram literalmente"
"functions/bridgeImportCanary.ts","marketplace/ALZ","stub local","pagamento, webhook ou integracao externa deve virar simulacao local; diagnosticos nao migram literalmente"
"functions/bridgeProbeEndpoints.ts","marketplace/ALZ","stub local","pagamento, webhook ou integracao externa deve virar simulacao local; diagnosticos nao migram literalmente"
"functions/buyer_confirmPixPaid_mock.ts","marketplace/ALZ","migrar completo","nucleo do marketplace/ALZ que precisa existir localmente"
"functions/buyer_createOrder.ts","marketplace/ALZ","migrar completo","nucleo do marketplace/ALZ que precisa existir localmente"
"functions/buyer_validateCharacter.ts","marketplace/ALZ","migrar completo","nucleo do marketplace/ALZ que precisa existir localmente"
"functions/character_getProfile.ts","guildas/personagem","migrar completo","perfil de personagem e obrigatorio no escopo final"
"functions/character_seedProfiles.ts","seed/demo","stub local","fonte para dados locais de personagem"
"functions/corredores_finalizeWeek.ts","rankings","remover","administracao, cron, snapshots ou TG fora do recorte minimo final"
"functions/corredores_getWeeklyRanking.ts","rankings","migrar simplificado","rankings/home widgets continuam, mas serao consolidados"
"functions/corredoresGetWeeklyRanking.ts","rankings","migrar simplificado","rankings/home widgets continuam, mas serao consolidados"
"functions/cron_cleanupReservedListings.ts","shared","remover","sem papel claro no produto final minimo ou duplicado pelo redesenho"
"functions/cron_releaseExpiredLocks.ts","shared","remover","sem papel claro no produto final minimo ou duplicado pelo redesenho"
"functions/deliveryRun.ts","remocao","remover","diagnostico, operacao, analytics, manutencao ou documento tecnico do legado"
"functions/deployProbe.ts","remocao","remover","diagnostico, operacao, analytics, manutencao ou documento tecnico do legado"
"functions/donation_createPayment.ts","loja","stub local","pagamentos e doacoes devem virar simulacao local deterministica"
"functions/donation_getPackages.ts","loja","stub local","pagamentos e doacoes devem virar simulacao local deterministica"
"functions/donation_simulatePayment.ts","loja","stub local","pagamentos e doacoes devem virar simulacao local deterministica"
"functions/donationCreatePayment.ts","loja","stub local","pagamentos e doacoes devem virar simulacao local deterministica"
"functions/donationGetPackages.ts","loja","stub local","pagamentos e doacoes devem virar simulacao local deterministica"
"functions/donationSimulatePayment.ts","loja","stub local","pagamentos e doacoes devem virar simulacao local deterministica"
"functions/efi_healthCheck.ts","marketplace/ALZ","stub local","pagamento, webhook ou integracao externa deve virar simulacao local; diagnosticos nao migram literalmente"
"functions/efiIntegrationTest.ts","marketplace/ALZ","stub local","pagamento, webhook ou integracao externa deve virar simulacao local; diagnosticos nao migram literalmente"
"functions/efiMarketWebhook.ts","marketplace/ALZ","stub local","pagamento, webhook ou integracao externa deve virar simulacao local; diagnosticos nao migram literalmente"
"functions/efiMarketWebhookIngest.ts","marketplace/ALZ","stub local","pagamento, webhook ou integracao externa deve virar simulacao local; diagnosticos nao migram literalmente"
"functions/efiMarketWebhookIngestAdminTest.ts","marketplace/ALZ","stub local","pagamento, webhook ou integracao externa deve virar simulacao local; diagnosticos nao migram literalmente"
"functions/efiPixWebhook.ts","marketplace/ALZ","stub local","pagamento, webhook ou integracao externa deve virar simulacao local; diagnosticos nao migram literalmente"
"functions/efiSmokeTest.ts","marketplace/ALZ","stub local","pagamento, webhook ou integracao externa deve virar simulacao local; diagnosticos nao migram literalmente"
"functions/efiWebhookBridgeContract.ts","marketplace/ALZ","stub local","pagamento, webhook ou integracao externa deve virar simulacao local; diagnosticos nao migram literalmente"
"functions/efiWebhookIngestSelfTest.ts","marketplace/ALZ","stub local","pagamento, webhook ou integracao externa deve virar simulacao local; diagnosticos nao migram literalmente"
"functions/extensor_getUserExtensorBoxes.ts","loja","stub local","sistemas de caixas e colecionaveis devem virar opcao local simplificada ou ser cortados depois"
"functions/extensor_getUserExtensors.ts","loja","stub local","sistemas de caixas e colecionaveis devem virar opcao local simplificada ou ser cortados depois"
"functions/extensor_openExtensorBox.ts","loja","stub local","sistemas de caixas e colecionaveis devem virar opcao local simplificada ou ser cortados depois"
"functions/extensor_openMultipleExtensorBoxes.ts","loja","stub local","sistemas de caixas e colecionaveis devem virar opcao local simplificada ou ser cortados depois"
"functions/extensor_purchaseExtensorBox.ts","loja","stub local","sistemas de caixas e colecionaveis devem virar opcao local simplificada ou ser cortados depois"
"functions/extensor_seedTemplatesAndLootBox.ts","loja","stub local","sistemas de caixas e colecionaveis devem virar opcao local simplificada ou ser cortados depois"
"functions/game_seedFullDemoWorld.ts","seed/demo","stub local","referencia para sementes locais, mas nao sera migrado literalmente"
"functions/game_seedMassiveDemoData.ts","seed/demo","stub local","referencia para sementes locais, mas nao sera migrado literalmente"
"functions/gameAuthExists.ts","auth usuario","remover","acoplado a bridge, diagnostico ou legado nao necessario no MVP local"
"functions/gamification_completeMission.ts","shared","remover","sem papel claro no produto final minimo ou duplicado pelo redesenho"
"functions/gamification_getDailyMissions.ts","shared","remover","sem papel claro no produto final minimo ou duplicado pelo redesenho"
"functions/hall_getWeeklyChampion.ts","rankings","migrar simplificado","rankings/home widgets continuam, mas serao consolidados"
"functions/hallGetWeeklyChampion.ts","rankings","migrar simplificado","rankings/home widgets continuam, mas serao consolidados"
"functions/importProbe.ts","remocao","remover","diagnostico, operacao, analytics, manutencao ou documento tecnico do legado"
"functions/maintenanceCleanupPasswordResetTokens.ts","remocao","remover","diagnostico, operacao, analytics, manutencao ou documento tecnico do legado"
"functions/maintenancePurgeSeedRankings.ts","remocao","remover","diagnostico, operacao, analytics, manutencao ou documento tecnico do legado"
"functions/maintenancePurgeServerStats.ts","remocao","remover","diagnostico, operacao, analytics, manutencao ou documento tecnico do legado"
"functions/maintenancePurgeWikiContent.ts","remocao","remover","diagnostico, operacao, analytics, manutencao ou documento tecnico do legado"
"functions/market_acceptRMTTerms.ts","marketplace/ALZ","migrar completo","nucleo do marketplace/ALZ que precisa existir localmente"
"functions/market_calculateAlzAverage.ts","marketplace/ALZ","migrar completo","nucleo do marketplace/ALZ que precisa existir localmente"
"functions/market_checkRMTTerms.ts","marketplace/ALZ","migrar completo","nucleo do marketplace/ALZ que precisa existir localmente"
"functions/market_createAlzListing.ts","marketplace/ALZ","migrar completo","nucleo do marketplace/ALZ que precisa existir localmente"
"functions/market_createListing.ts","marketplace/ALZ","migrar completo","nucleo do marketplace/ALZ que precisa existir localmente"
"functions/market_createOrder.ts","marketplace/ALZ","migrar completo","nucleo do marketplace/ALZ que precisa existir localmente"
"functions/market_createPixChargeForAlzOrder.ts","marketplace/ALZ","migrar completo","nucleo do marketplace/ALZ que precisa existir localmente"
"functions/market_exportTransactionsCSV.ts","marketplace/ALZ","stub local","pagamento, webhook ou integracao externa deve virar simulacao local; diagnosticos nao migram literalmente"
"functions/market_getConfig.ts","marketplace/ALZ","migrar completo","nucleo do marketplace/ALZ que precisa existir localmente"
"functions/market_getListing.ts","marketplace/ALZ","migrar completo","nucleo do marketplace/ALZ que precisa existir localmente"
"functions/market_getMyOffers.ts","marketplace/ALZ","stub local","pagamento, webhook ou integracao externa deve virar simulacao local; diagnosticos nao migram literalmente"
"functions/market_getMyOrders.ts","marketplace/ALZ","migrar completo","nucleo do marketplace/ALZ que precisa existir localmente"
"functions/market_getOrderStatus.ts","marketplace/ALZ","migrar completo","nucleo do marketplace/ALZ que precisa existir localmente"
"functions/market_getSellerBadges.ts","marketplace/ALZ","migrar completo","nucleo do marketplace/ALZ que precisa existir localmente"
"functions/market_listAdminLogs.ts","marketplace/ALZ","stub local","pagamento, webhook ou integracao externa deve virar simulacao local; diagnosticos nao migram literalmente"
"functions/market_listListings.ts","marketplace/ALZ","migrar completo","nucleo do marketplace/ALZ que precisa existir localmente"
"functions/market_paymentWebhook.ts","marketplace/ALZ","stub local","pagamento, webhook ou integracao externa deve virar simulacao local; diagnosticos nao migram literalmente"
"functions/market_rateOrder.ts","marketplace/ALZ","stub local","pagamento, webhook ou integracao externa deve virar simulacao local; diagnosticos nao migram literalmente"
"functions/market_releaseExpiredLocks.ts","marketplace/ALZ","migrar completo","nucleo do marketplace/ALZ que precisa existir localmente"
"functions/market_simulatePayment.ts","marketplace/ALZ","migrar completo","nucleo do marketplace/ALZ que precisa existir localmente"
"functions/market_updateOrderStatus.ts","marketplace/ALZ","migrar completo","nucleo do marketplace/ALZ que precisa existir localmente"
"functions/marketBridgeDiagnostics.ts","marketplace/ALZ","stub local","pagamento, webhook ou integracao externa deve virar simulacao local; diagnosticos nao migram literalmente"
"functions/marketBridgeProbe.ts","marketplace/ALZ","stub local","pagamento, webhook ou integracao externa deve virar simulacao local; diagnosticos nao migram literalmente"
"functions/marketDiagnostics.ts","marketplace/ALZ","stub local","pagamento, webhook ou integracao externa deve virar simulacao local; diagnosticos nao migram literalmente"
"functions/marketGetPixPaymentStatus.ts","marketplace/ALZ","migrar completo","nucleo do marketplace/ALZ que precisa existir localmente"
"functions/marketGetPriceHistory.ts","shared","remover","sem papel claro no produto final minimo ou duplicado pelo redesenho"
"functions/marketHealthCheck.ts","marketplace/ALZ","stub local","pagamento, webhook ou integracao externa deve virar simulacao local; diagnosticos nao migram literalmente"
"functions/marketListFailedPayments.ts","marketplace/ALZ","stub local","pagamento, webhook ou integracao externa deve virar simulacao local; diagnosticos nao migram literalmente"
"functions/marketManifest.ts","marketplace/ALZ","stub local","pagamento, webhook ou integracao externa deve virar simulacao local; diagnosticos nao migram literalmente"
"functions/marketNicAndSettlementSelfTest.ts","marketplace/ALZ","stub local","pagamento, webhook ou integracao externa deve virar simulacao local; diagnosticos nao migram literalmente"
"functions/marketReconcilePayments.ts","marketplace/ALZ","stub local","pagamento, webhook ou integracao externa deve virar simulacao local; diagnosticos nao migram literalmente"
"functions/marketResolveBuyerNic.ts","marketplace/ALZ","migrar completo","nucleo do marketplace/ALZ que precisa existir localmente"
"functions/marketRetrySettlement.ts","marketplace/ALZ","stub local","pagamento, webhook ou integracao externa deve virar simulacao local; diagnosticos nao migram literalmente"
"functions/marketSettlementXorGuard.ts","marketplace/ALZ","stub local","pagamento, webhook ou integracao externa deve virar simulacao local; diagnosticos nao migram literalmente"
"functions/marketSettlePayment.ts","marketplace/ALZ","migrar completo","nucleo do marketplace/ALZ que precisa existir localmente"
"functions/marketSplitE2eTest.ts","marketplace/ALZ","stub local","pagamento, webhook ou integracao externa deve virar simulacao local; diagnosticos nao migram literalmente"
"functions/marketSplitValidationSelfTest.ts","marketplace/ALZ","stub local","pagamento, webhook ou integracao externa deve virar simulacao local; diagnosticos nao migram literalmente"
"functions/mystery_adminTestBulkOpen.ts","loja","stub local","sistemas de caixas e colecionaveis devem virar opcao local simplificada ou ser cortados depois"
"functions/mystery_debugOpenBox.ts","loja","stub local","sistemas de caixas e colecionaveis devem virar opcao local simplificada ou ser cortados depois"
"functions/mystery_getUserBoxes.ts","loja","stub local","sistemas de caixas e colecionaveis devem virar opcao local simplificada ou ser cortados depois"
"functions/mystery_getUserRewards.ts","loja","stub local","sistemas de caixas e colecionaveis devem virar opcao local simplificada ou ser cortados depois"
"functions/mystery_openBox.ts","loja","stub local","sistemas de caixas e colecionaveis devem virar opcao local simplificada ou ser cortados depois"
"functions/mystery_openMultipleBoxes.ts","loja","stub local","sistemas de caixas e colecionaveis devem virar opcao local simplificada ou ser cortados depois"
"functions/mystery_purchaseBox.ts","loja","stub local","sistemas de caixas e colecionaveis devem virar opcao local simplificada ou ser cortados depois"
"functions/mystery_seedRewardsAndBox.ts","loja","stub local","sistemas de caixas e colecionaveis devem virar opcao local simplificada ou ser cortados depois"
"functions/mystery_simpleTest.ts","loja","stub local","sistemas de caixas e colecionaveis devem virar opcao local simplificada ou ser cortados depois"
"functions/mystery_testOpenings.ts","loja","stub local","sistemas de caixas e colecionaveis devem virar opcao local simplificada ou ser cortados depois"
"functions/notification_create.ts","notificacoes","migrar simplificado","notificacoes permanecem, mas com contrato local unico"
"functions/notification_createDemoNotifications.ts","seed/demo","stub local","util para semear notificacoes locais"
"functions/notification_getMyNotifications.ts","notificacoes","migrar simplificado","notificacoes permanecem, mas com contrato local unico"
"functions/notification_markAsViewed.ts","notificacoes","migrar simplificado","notificacoes permanecem, mas com contrato local unico"
"functions/notificationGetMyNotifications.ts","notificacoes","migrar simplificado","notificacoes permanecem, mas com contrato local unico"
"functions/notificationMarkAllRead.ts","notificacoes","migrar simplificado","notificacoes permanecem, mas com contrato local unico"
"functions/notificationMarkRead.ts","notificacoes","migrar simplificado","notificacoes permanecem, mas com contrato local unico"
"functions/pingDeploy.ts","remocao","remover","diagnostico, operacao, analytics, manutencao ou documento tecnico do legado"
"functions/premium_confirmPayment.ts","loja","stub local","pagamentos e doacoes devem virar simulacao local deterministica"
"functions/premium_createPayment.ts","loja","stub local","pagamentos e doacoes devem virar simulacao local deterministica"
"functions/premium_getCurrentVip.ts","loja","migrar simplificado","catalogo e estado de loja/premium continuam em forma local enxuta"
"functions/premium_getPlans.ts","loja","migrar simplificado","catalogo e estado de loja/premium continuam em forma local enxuta"
"functions/premium_purchaseWithCash.ts","loja","stub local","pagamentos e doacoes devem virar simulacao local deterministica"
"functions/premium_simulatePayment.ts","loja","stub local","pagamentos e doacoes devem virar simulacao local deterministica"
"functions/premiumGetCurrentVip.ts","loja","migrar simplificado","catalogo e estado de loja/premium continuam em forma local enxuta"
"functions/premiumGetPlans.ts","loja","migrar simplificado","catalogo e estado de loja/premium continuam em forma local enxuta"
"functions/rankings_adminCloseWeek.ts","rankings","remover","administracao, cron, snapshots ou TG fora do recorte minimo final"
"functions/rankings_adminGetWeekDetail.ts","rankings","remover","administracao, cron, snapshots ou TG fora do recorte minimo final"
"functions/rankings_adminSetPayoutStatus.ts","rankings","remover","administracao, cron, snapshots ou TG fora do recorte minimo final"
"functions/rankings_cronCloseWeek.ts","rankings","remover","administracao, cron, snapshots ou TG fora do recorte minimo final"
"functions/rankings_getCurrent.ts","rankings","migrar simplificado","rankings/home widgets continuam, mas serao consolidados"
"functions/rankings_getWeeklySnapshot.ts","rankings","remover","administracao, cron, snapshots ou TG fora do recorte minimo final"
"functions/rankings_listWeeklySnapshots.ts","rankings","remover","administracao, cron, snapshots ou TG fora do recorte minimo final"
"functions/rankingsGetCurrent.ts","rankings","migrar simplificado","rankings/home widgets continuam, mas serao consolidados"
"functions/routing_health.ts","remocao","remover","diagnostico, operacao, analytics, manutencao ou documento tecnico do legado"
"functions/securityAlertCore.ts","remocao","remover","diagnostico, operacao, analytics, manutencao ou documento tecnico do legado"
"functions/securityAlertDispatch.ts","remocao","remover","diagnostico, operacao, analytics, manutencao ou documento tecnico do legado"
"functions/securityAlertDispatchCron.ts","remocao","remover","diagnostico, operacao, analytics, manutencao ou documento tecnico do legado"
"functions/securityEnvStatus.ts","remocao","remover","diagnostico, operacao, analytics, manutencao ou documento tecnico do legado"
"functions/securityHelpers.ts","remocao","remover","diagnostico, operacao, analytics, manutencao ou documento tecnico do legado"
"functions/seed_demoGuilds.ts","seed/demo","stub local","material de seed para dominios de ranking e personagem"
"functions/seed_demoHallAndCorredores.ts","seed/demo","stub local","material de seed para dominios de ranking e personagem"
"functions/seed_demoMarket.ts","seed/demo","stub local","seed base para listings/pedidos locais"
"functions/seed_demoPlayers.ts","seed/demo","stub local","material de seed para dominios de ranking e personagem"
"functions/seed_demoRankings.ts","seed/demo","stub local","material de seed para dominios de ranking e personagem"
"functions/seed_demoServices.ts","remocao","remover","mercado de servicos sai do escopo minimo final"
"functions/seed_demoTG.ts","seed/demo","stub local","material de seed para dominios de ranking e personagem"
"functions/seller_cancelListing.ts","marketplace/ALZ","migrar completo","nucleo do marketplace/ALZ que precisa existir localmente"
"functions/seller_createListing.ts","marketplace/ALZ","migrar completo","nucleo do marketplace/ALZ que precisa existir localmente"
"functions/seller_lockAlzForListing.ts","marketplace/ALZ","migrar completo","nucleo do marketplace/ALZ que precisa existir localmente"
"functions/seller_upsertProfile.ts","marketplace/ALZ","migrar completo","nucleo do marketplace/ALZ que precisa existir localmente"
"functions/sellerGetMyProfile.ts","marketplace/ALZ","migrar completo","nucleo do marketplace/ALZ que precisa existir localmente"
"functions/sellerUpdateSplitProfile.ts","marketplace/ALZ","migrar completo","nucleo do marketplace/ALZ que precisa existir localmente"
"functions/sellerUpdateSplitProfileV2.ts","marketplace/ALZ","migrar completo","nucleo do marketplace/ALZ que precisa existir localmente"
"functions/serverGetStats.ts","remocao","remover","diagnostico, operacao, analytics, manutencao ou documento tecnico do legado"
"functions/service_createContract.ts","remocao","remover","mercado de servicos sai do escopo minimo final"
"functions/service_createOffer.ts","remocao","remover","mercado de servicos sai do escopo minimo final"
"functions/service_getContract.ts","remocao","remover","mercado de servicos sai do escopo minimo final"
"functions/service_getMyContracts.ts","remocao","remover","mercado de servicos sai do escopo minimo final"
"functions/service_getMyOffers.ts","remocao","remover","mercado de servicos sai do escopo minimo final"
"functions/service_getOffer.ts","remocao","remover","mercado de servicos sai do escopo minimo final"
"functions/service_listOffers.ts","remocao","remover","mercado de servicos sai do escopo minimo final"
"functions/service_rateContract.ts","remocao","remover","mercado de servicos sai do escopo minimo final"
"functions/service_seedDemo.ts","remocao","remover","mercado de servicos sai do escopo minimo final"
"functions/service_seedMassiveOffers.ts","remocao","remover","mercado de servicos sai do escopo minimo final"
"functions/service_updateContractStatus.ts","remocao","remover","mercado de servicos sai do escopo minimo final"
"functions/SETTLEMENT_AMOUNT_CONTRACT_VALIDATION.md.ts","remocao","remover","diagnostico, operacao, analytics, manutencao ou documento tecnico do legado"
"functions/simulation_generateActivity.ts","remocao","remover","diagnostico, operacao, analytics, manutencao ou documento tecnico do legado"
"functions/SQL_TEST_PACK_ALZ_SETTLEMENT.md.ts","remocao","remover","diagnostico, operacao, analytics, manutencao ou documento tecnico do legado"
"functions/store_getGiftCards.ts","loja","migrar simplificado","catalogo e estado de loja/premium continuam em forma local enxuta"
"functions/store_getInventory.ts","loja","migrar simplificado","catalogo e estado de loja/premium continuam em forma local enxuta"
"functions/store_listStreamerPackages.ts","loja","migrar simplificado","catalogo e estado de loja/premium continuam em forma local enxuta"
"functions/store_purchaseGiftCard.ts","loja","migrar simplificado","catalogo e estado de loja/premium continuam em forma local enxuta"
"functions/storeGetGiftCards.ts","loja","migrar simplificado","catalogo e estado de loja/premium continuam em forma local enxuta"
"functions/storeGetInventory.ts","loja","migrar simplificado","catalogo e estado de loja/premium continuam em forma local enxuta"
"functions/supabase_auth_proof.ts","shared","remover","funcoes e provas ligadas a supabase serao eliminadas"
"functions/supabase_debug.ts","shared","remover","funcoes e provas ligadas a supabase serao eliminadas"
"functions/supabase_ping.ts","shared","remover","funcoes e provas ligadas a supabase serao eliminadas"
"functions/supabaseDebug.ts","shared","remover","funcoes e provas ligadas a supabase serao eliminadas"
"functions/supabasePing.ts","shared","remover","funcoes e provas ligadas a supabase serao eliminadas"
"functions/tg_admin_seedDemo.ts","rankings","remover","administracao, cron, snapshots ou TG fora do recorte minimo final"
"functions/tg_getCurrentMatch.ts","rankings","remover","administracao, cron, snapshots ou TG fora do recorte minimo final"
"functions/tg_getMatchDetails.ts","rankings","remover","administracao, cron, snapshots ou TG fora do recorte minimo final"
"functions/tg_getWeeklyKillRanking.ts","rankings","remover","administracao, cron, snapshots ou TG fora do recorte minimo final"
"functions/tg_seedDemoMatch.ts","rankings","remover","administracao, cron, snapshots ou TG fora do recorte minimo final"
"functions/tg_seedMassiveDemo.ts","rankings","remover","administracao, cron, snapshots ou TG fora do recorte minimo final"
"functions/tg_seedWeeklyKillRanking.ts","rankings","remover","administracao, cron, snapshots ou TG fora do recorte minimo final"
"functions/transfer_accept.ts","conta","migrar simplificado","carteira e transferencias entram no escopo final, mas com implementacao local menor"
"functions/transfer_cancel.ts","conta","migrar simplificado","carteira e transferencias entram no escopo final, mas com implementacao local menor"
"functions/transfer_create.ts","conta","migrar simplificado","carteira e transferencias entram no escopo final, mas com implementacao local menor"
"functions/transfer_getOverview.ts","conta","migrar simplificado","carteira e transferencias entram no escopo final, mas com implementacao local menor"
"functions/transfer_reject.ts","conta","migrar simplificado","carteira e transferencias entram no escopo final, mas com implementacao local menor"
"functions/wallet_addCash.ts","conta","migrar simplificado","carteira e transferencias entram no escopo final, mas com implementacao local menor"
"functions/wallet_deductCash.ts","conta","migrar simplificado","carteira e transferencias entram no escopo final, mas com implementacao local menor"
"functions/wallet_getUserAccount.ts","conta","migrar simplificado","carteira e transferencias entram no escopo final, mas com implementacao local menor"
"functions/walletGetUserAccount.ts","conta","migrar simplificado","carteira e transferencias entram no escopo final, mas com implementacao local menor"
